[Header],,,,,,,,,,,,
IEMFileVersion,,,,,,,,,,,,
Investigator Name,,,,,,,,,,,,
Experiment Name,,,,,,,,,,,,
Date,,,,,,,,,,,,
Project,,,,,,,,,,,,
Workflow,GenerateFASTQ,,,,,,,,,,,
[Reads],,,,,,,,,,,,
151,,,,,,,,,,,,
151,,,,,,,,,,,,
[Settings],,,,,,,,,,,,
AdapterRead1,AGATCGGAAGAGCACACGTCTGAACTCCAGTCA,,,,,,,,,,,
AdapterRead2,AGATCGGAAGAGCGTCGTGTAGGGAAAGAGTGT,,,,,,,,,,,
AdapterBehavior,,,,,,,,,,,,
MinimumTrimmedReadLength,,,,,,,,,,,,
MaskShortReads,,,,,,,,,,,,
OverrideCycles,U7N1Y143;I8;I8;U7N1Y143,,,,,,,,,,,
[Data],,,,,,,,,,,,
Sample_ID,Sample_Name,Sample_Plate,Sample_Well,Index_ID,index,index2,I7_Index_ID,I5_Index_ID,Project,Description,Pair_ID,Sample_Type